order,id,name,category,rarity,unlockSource,levelReward,shardRequirement,sourceArchivePath,sourceFilename,sourceSha256,canonicalFilename,canonicalPath
0,eagle,Philippine Eagle,animal,rare,weekly_keys,,100,00_Original_8/philippine_eagle.png,philippine_eagle.png,08f0e740a89341c9675803c21990f02ec81f715eabcd7e79a5f3fa14f69f8582,eagle.png,avatars/canonical/eagle.png
1,tamaraw,Tamaraw,animal,rare,weekly_keys,,100,00_Original_8/tamaraw.png,tamaraw.png,6f1680b5e946b0967157e4dd91f632ce9e7b5a23714cfef7478972da68582d43,tamaraw.png,avatars/canonical/tamaraw.png
2,anahaw,Anahaw,plant,starter,starter,,0,00_Original_8/anahaw.png,anahaw.png,f25e7e27e0a2ade9b734973d5154da80a93cfefeb654245835377da891666bc7,anahaw.png,avatars/canonical/anahaw.png
3,peacock,Palawan Peacock-Pheasant,animal,rare,weekly_keys,,100,00_Original_8/palawan_peacock_pheasant.png,palawan_peacock_pheasant.png,fdb75d72b23e8540d2277f72cb2fa69d9148478a7f8376888e6f1e23c311c447,peacock.png,avatars/canonical/peacock.png
4,orchid,Waling-Waling Orchid,flower,starter,starter,,0,00_Original_8/waling_waling_orchid.png,waling_waling_orchid.png,ffd6646851fadfd93dadf3853bd34f044246b675769c66382ad4432df27dd88f,orchid.png,avatars/canonical/orchid.png
5,jade,Jade Vine,flower,starter,starter,,0,00_Original_8/jade_vine.png,jade_vine.png,ad6e55707407365707ba9188a0e114897a0dc0b7debd859b92f2a6c7ee227d92,jade.png,avatars/canonical/jade.png
6,rafflesia,Philippine Rafflesia,flower,starter,starter,,0,00_Original_8/philippine_rafflesia.png,philippine_rafflesia.png,e152a1d8460c25faba4e2fbe7d6268663c81e322a172f656bf0cdc2c5e55d4db,rafflesia.png,avatars/canonical/rafflesia.png
7,tarsier,Philippine Tarsier,animal,rare,weekly_keys,,100,00_Original_8/philippine_tarsier.png,philippine_tarsier.png,15c8403f5c9ef55dbdb161f5ae652664dcbacedf32d9e168b6395055ec8bb9a4,tarsier.png,avatars/canonical/tarsier.png
8,narra,Narra,plant,common,level_or_weekly,10,100,01_Batch_1_Common_Plants/narra.png,narra.png,ba90b233302655650ba313f32a450e750fffff5170194300310483a8f26747ca,narra.png,avatars/canonical/narra.png
9,nipa_palm,Nipa Palm,plant,common,level_or_weekly,20,100,01_Batch_1_Common_Plants/nipa_palm.png,nipa_palm.png,7497cb26c1beb757fd5821eedc0731226c06d9e8165d48b2cabc0ed994408a4c,nipa_palm.png,avatars/canonical/nipa_palm.png
10,buri_palm,Buri Palm,plant,common,level_or_weekly,40,100,01_Batch_1_Common_Plants/buri_palm.png,buri_palm.png,194952b7115858a78115c31e902414674ad1ba71beb14b7b66c986f724dd19a6,buri_palm.png,avatars/canonical/buri_palm.png
11,almaciga,Almaciga,plant,common,weekly_keys,,100,01_Batch_1_Common_Plants/almaciga.png,almaciga.png,edf0ab21c57860e5810984136a11a7beae4bb23d22739873ede0f96ee750aace,almaciga.png,avatars/canonical/almaciga.png
12,pandan,Pandan,plant,common,weekly_keys,,100,01_Batch_1_Common_Plants/pandan.png,pandan.png,61dfa09e11d9f61071d58d7db0463533263568dbd3038148c7c91825917a9ea9,pandan.png,avatars/canonical/pandan.png
13,bakawan_mangrove,Bakawan Mangrove,plant,common,weekly_keys,,100,01_Batch_1_Common_Plants/bakawan_mangrove.png,bakawan_mangrove.png,7e670dfc171275655a1533c3d0d9926c129c072d048aaa03bec0e8070c3785bc,bakawan_mangrove.png,avatars/canonical/bakawan_mangrove.png
14,kawayang_tinik,Kawayang Tinik,plant,common,weekly_keys,,100,01_Batch_1_Common_Plants/kawayang_tinik_bamboo.png,kawayang_tinik_bamboo.png,07f34194866eb31de8fd54618da71ea33f0db1a946cfd8075e015b81cc3da834,kawayang_tinik.png,avatars/canonical/kawayang_tinik.png
15,pili,Pili,plant,common,weekly_keys,,100,01_Batch_1_Common_Plants/pili.png,pili.png,649e0bfea0a5ee74b779eab39a63ef03f5fdb02958bef74de5fd7e95cc39093f,pili.png,avatars/canonical/pili.png
16,katmon,Katmon Flower,flower,uncommon,level_or_weekly,30,100,02_Batch_2_Uncommon_Flowers/katmon_flower.png,katmon_flower.png,e49467ca3380f1e00cdbe71dfeaa3e8b5aa95f8134efeb0052a07f22b12b31e6,katmon.png,avatars/canonical/katmon.png
17,medinilla,Medinilla Magnifica,flower,uncommon,level_or_weekly,80,100,02_Batch_2_Uncommon_Flowers/medinilla_magnifica.png,medinilla_magnifica.png,57add7378e8282eaee70e30ff5c0b700a85c3c33448ef8a90608afa92e2672ed,medinilla.png,avatars/canonical/medinilla.png
18,philippine_teak,Philippine Teak Blossom,flower,uncommon,weekly_keys,,100,02_Batch_2_Uncommon_Flowers/philippine_teak_blossom.png,philippine_teak_blossom.png,30d6476f01aac1659716bf0d614eb8cddf5e46c9390442fbf0400f56d18cce1e,philippine_teak.png,avatars/canonical/philippine_teak.png
19,banaba,Banaba Flower,flower,uncommon,level_or_weekly,60,100,02_Batch_2_Uncommon_Flowers/banaba_flower.png,banaba_flower.png,0bd26065f3f1a88b351d30ab6a1bd9f35691cebfce8ab16113cff8d779bc07a2,banaba.png,avatars/canonical/banaba.png
20,mangkono,Mangkono Blossom,flower,uncommon,weekly_keys,,100,02_Batch_2_Uncommon_Flowers/mangkono_blossom.png,mangkono_blossom.png,f9922f4ad45d779e530ecbe29a53241d513035750604b0c7c684b5d91fdd4dff,mangkono.png,avatars/canonical/mangkono.png
21,attenborough_pitcher,Attenborough's Pitcher Plant,botanical,uncommon,weekly_keys,,100,02_Batch_2_Uncommon_Flowers/attenborough_pitcher_plant.png,attenborough_pitcher_plant.png,9ecfbde82d49758e325ce32011f6654e1888f9171e2c66e07b50d8b66699dc2b,attenborough_pitcher.png,avatars/canonical/attenborough_pitcher.png
22,slipper_orchid,Philippine Slipper Orchid,flower,uncommon,weekly_keys,,100,02_Batch_2_Uncommon_Flowers/philippine_slipper_orchid.png,philippine_slipper_orchid.png,8ab60e572044bb6ea3490d60fe9c05aa023a7c35a5704e6cc1f2104286f1b631,slipper_orchid.png,avatars/canonical/slipper_orchid.png
23,philippine_hoya,Philippine Hoya,flower,uncommon,weekly_keys,,100,02_Batch_2_Uncommon_Flowers/philippine_hoya.png,philippine_hoya.png,66821f003b931fae58f6cc743ee6b8ed9ce5931c629e9d5ed4c1f8ddca6f49ae,philippine_hoya.png,avatars/canonical/philippine_hoya.png
24,parol,Parol,object,uncommon,level_or_weekly,50,100,03_Batch_3_Objects_and_Symbols/parol.png,parol.png,58e2248d7016c3cee272ca4303db0773f842639fd0c21efbbee8d866add7adc0,parol.png,avatars/canonical/parol.png
25,vinta,Vinta,object,uncommon,weekly_keys,,100,03_Batch_3_Objects_and_Symbols/vinta.png,vinta.png,ecc371b8b43b111b752a2f0dc6b959b405f5dd4f89dd9fa782f43450acbe7d4b,vinta.png,avatars/canonical/vinta.png
26,kulintang,Kulintang,object,uncommon,level_or_weekly,90,100,03_Batch_3_Objects_and_Symbols/kulintang.png,kulintang.png,b0880d86b4d7fe5dd0691bce69d3aed11495fd095f6e4228c83f9650120cb6e5,kulintang.png,avatars/canonical/kulintang.png
27,bangka,Bangka,object,uncommon,level_or_weekly,70,100,03_Batch_3_Objects_and_Symbols/bangka.png,bangka.png,3f41fe2a81fd256f879ee6a64305c41f34faba9373cb0e51185c43f584f2f90b,bangka.png,avatars/canonical/bangka.png
28,jeepney,Jeepney,object,uncommon,weekly_keys,,100,03_Batch_3_Objects_and_Symbols/jeepney.png,jeepney.png,2cbd8d601924df0e794f2dccba20d9bfc12ebe2588abe19a9f13691ce83b78e4,jeepney.png,avatars/canonical/jeepney.png
29,bahay_kubo,Bahay Kubo,object,uncommon,weekly_keys,,100,03_Batch_3_Objects_and_Symbols/bahay_kubo.png,bahay_kubo.png,f0ffa01e63c012f6b0db01288e58933be4952d20757c303d25902c8612141903,bahay_kubo.png,avatars/canonical/bahay_kubo.png
30,sarimanok,Sarimanok,object,uncommon,weekly_keys,,100,03_Batch_3_Objects_and_Symbols/sarimanok.png,sarimanok.png,4a6eabd9e407b75de421a16905374ba76505b5a89b96c3fa30eefc4170e0a2bb,sarimanok.png,avatars/canonical/sarimanok.png
31,golden_salita_crest,Golden Salita Crest,special,special,level_99,99,0,03_Batch_3_Objects_and_Symbols/golden_salita_crest.png,golden_salita_crest.png,27550437b75eb81fd007d342f3d78f9bc16bcdc493e31732c684de9e96b3a7a3,golden_salita_crest.png,avatars/canonical/golden_salita_crest.png
32,philippine_pangolin,Philippine Pangolin,animal,rare,weekly_keys,,100,04_Batch_4_Rare_Animals_Set_1/philippine_pangolin.png,philippine_pangolin.png,fca77ac5ad323b2bde515aa7b1ee399c2a2acc6107c325b5a16998d590e10ed6,philippine_pangolin.png,avatars/canonical/philippine_pangolin.png
33,visayan_spotted_deer,Visayan Spotted Deer,animal,rare,weekly_keys,,100,04_Batch_4_Rare_Animals_Set_1/visayan_spotted_deer.png,visayan_spotted_deer.png,70862eceec24b123f0958797d4de9e201bfd680354d35007e1d77788bc02f70d,visayan_spotted_deer.png,avatars/canonical/visayan_spotted_deer.png
34,visayan_warty_pig,Visayan Warty Pig,animal,rare,weekly_keys,,100,04_Batch_4_Rare_Animals_Set_1/visayan_warty_pig.png,visayan_warty_pig.png,2d88af03ede3f4407b70d5402d94b9287b7c597a04af4b9b66d44067e569a595,visayan_warty_pig.png,avatars/canonical/visayan_warty_pig.png
35,philippine_crocodile,Philippine Crocodile,animal,rare,weekly_keys,,100,04_Batch_4_Rare_Animals_Set_1/philippine_crocodile.png,philippine_crocodile.png,2a25cc12a0ebcdd520f2459ec01f5968bd87d54509e8fb498b73dbd0abf25b08,philippine_crocodile.png,avatars/canonical/philippine_crocodile.png
36,philippine_forest_turtle,Philippine Forest Turtle,animal,rare,weekly_keys,,100,04_Batch_4_Rare_Animals_Set_1/philippine_forest_turtle.png,philippine_forest_turtle.png,0c951c5399cfb547b2cf389d360730922a5a1fd52daac9f1652a34728a281822,philippine_forest_turtle.png,avatars/canonical/philippine_forest_turtle.png
37,philippine_sailfin_lizard,Philippine Sailfin Lizard,animal,rare,weekly_keys,,100,04_Batch_4_Rare_Animals_Set_1/philippine_sailfin_lizard.png,philippine_sailfin_lizard.png,d95e5e4897c5756f7bfa96e8cf0e4b05c2984bf710cf7e8b89ce16189f214535,philippine_sailfin_lizard.png,avatars/canonical/philippine_sailfin_lizard.png
38,golden_crowned_flying_fox,Giant Golden-Crowned Flying Fox,animal,rare,weekly_keys,,100,04_Batch_4_Rare_Animals_Set_1/giant_golden_crowned_flying_fox.png,giant_golden_crowned_flying_fox.png,93b56225d3f25b65688d6adc34d65c0f6c02db13bd2e3983e992a6e3d6d81bb8,golden_crowned_flying_fox.png,avatars/canonical/golden_crowned_flying_fox.png
39,philippine_colugo,Philippine Colugo,animal,rare,weekly_keys,,100,04_Batch_4_Rare_Animals_Set_1/philippine_colugo.png,philippine_colugo.png,7294045615375e9306b0a94a559ba0e9ed005dee99faf67d8edf78618d20e0b7,philippine_colugo.png,avatars/canonical/philippine_colugo.png
40,philippine_cockatoo,Philippine Cockatoo,animal,rare,weekly_keys,,100,05_Batch_5_Rare_Animals_Set_2/philippine_cockatoo.png,philippine_cockatoo.png,baea545b1adce7949b32ff10348d1692d7cb5d00a9f699c28f590b39b3ed8d6e,philippine_cockatoo.png,avatars/canonical/philippine_cockatoo.png
41,rufous_hornbill,Rufous Hornbill,animal,rare,weekly_keys,,100,05_Batch_5_Rare_Animals_Set_2/rufous_hornbill.png,rufous_hornbill.png,3d5b79c943e11aa295e57f7a82139990f18f5dfc41d1eecc5d61d61456ee65f2,rufous_hornbill.png,avatars/canonical/rufous_hornbill.png
42,luzon_bleeding_heart_dove,Luzon Bleeding-Heart Dove,animal,rare,weekly_keys,,100,05_Batch_5_Rare_Animals_Set_2/luzon_bleeding_heart_dove.png,luzon_bleeding_heart_dove.png,fa36c14aca3ad2dce66f3634f09f61f08c78a3ae2ce4cda625aa253387653214,luzon_bleeding_heart_dove.png,avatars/canonical/luzon_bleeding_heart_dove.png
43,cebu_flowerpecker,Cebu Flowerpecker,animal,rare,weekly_keys,,100,05_Batch_5_Rare_Animals_Set_2/cebu_flowerpecker.png,cebu_flowerpecker.png,5595ae68a415a40a70c42efc72e62f502e81ce2a68da1c27f8248aae1871451e,cebu_flowerpecker.png,avatars/canonical/cebu_flowerpecker.png
44,philippine_eagle_owl,Philippine Eagle-Owl,animal,rare,weekly_keys,,100,05_Batch_5_Rare_Animals_Set_2/philippine_eagle_owl.png,philippine_eagle_owl.png,3811b37aaf359994499653dbbbb6bcdf54d0bdac4242523a71f1d66abe29400c,philippine_eagle_owl.png,avatars/canonical/philippine_eagle_owl.png
45,whale_shark_butanding,Whale Shark / Butanding,animal,rare,weekly_keys,,100,05_Batch_5_Rare_Animals_Set_2/whale_shark_butanding.png,whale_shark_butanding.png,de9db711858704013b8a5bb51efafe9589baf402fe22f6450f922a6847fb0205,whale_shark_butanding.png,avatars/canonical/whale_shark_butanding.png
46,dugong,Dugong,animal,rare,weekly_keys,,100,05_Batch_5_Rare_Animals_Set_2/dugong.png,dugong.png,5cb31037b9b59654e500ed0679ec12b1b6508ebcdfa9da483769fdd50d99c766,dugong.png,avatars/canonical/dugong.png
47,hawksbill_sea_turtle,Hawksbill Sea Turtle,animal,rare,weekly_keys,,100,05_Batch_5_Rare_Animals_Set_2/hawksbill_sea_turtle.png,hawksbill_sea_turtle.png,bc1b69d95d8704b0b3cb03ec06456f184f9afde3e52613bcabc73a8956a1c4b5,hawksbill_sea_turtle.png,avatars/canonical/hawksbill_sea_turtle.png
